player_id,name,position,team,rank_value,bye,status
7564,Ja'Marr Chase,WR,CIN,1.0,0,Active
6794,Justin Jefferson,WR,MIN,2.0,0,Active
6786,CeeDee Lamb,WR,DAL,3.0,0,Active
9509,Bijan Robinson,RB,ATL,4.0,0,Active
9221,Jahmyr Gibbs,RB,DET,5.0,0,Active
12527,Ashton Jeanty,RB,LV,6.0,0,Active
11631,Brian Thomas Jr.,WR,JAC,7.0,0,Active
11632,Malik Nabers,WR,NYG,8.0,0,Active
7547,Amon-Ra St. Brown,WR,DET,9.0,0,Active
9493,Puka Nacua,WR,LAR,10.0,0,Active
8112,Drake London,WR,ATL,11.0,0,Active
11628,Marvin Harrison Jr.,WR,ARI,12.0,0,Active
8146,Garrett Wilson,WR,NYJ,13.0,0,Active
7569,Nico Collins,WR,HOU,14.0,0,Active
5859,A.J. Brown,WR,PHI,15.0,0,Active
11635,Ladd McConkey,WR,LAC,16.0,0,Active
12507,Omarion Hampton,RB,LAC,17.0,0,Active
9488,Jaxon Smith-Njigba,WR,SEA,18.0,0,Active
4984,Josh Allen,QB,BUF,19.0,0,Active
8155,Breece Hall,RB,NYJ,20.0,0,Active
12526,Tetairoa McMillan,WR,CAR,21.0,0,Active
11604,Brock Bowers,TE,LV,22.0,0,Active
6813,Jonathan Taylor,RB,IND,23.0,0,Active
9226,De'Von Achane,RB,MIA,24.0,0,Active
4866,Saquon Barkley,RB,PHI,25.0,0,Active
8130,Trey McBride,TE,ARI,26.0,0,Active
11566,Jayden Daniels,QB,WAS,27.0,0,Active
11584,Bucky Irving,RB,TB,28.0,0,Active
4881,Lamar Jackson,QB,BAL,29.0,0,Active
12530,Travis Hunter,WR,JAC,30.0,0,Active
10859,Sam LaPorta,TE,DET,31.0,0,Active
7525,DeVonta Smith,WR,PHI,32.0,0,Active
4046,Patrick Mahomes II,QB,KC,33.0,0,Active
11620,Rome Odunze,WR,CHI,34.0,0,Active
10229,Rashee Rice,WR,KC,35.0,0,Active
6904,Jalen Hurts,QB,PHI,36.0,0,Active
6801,Tee Higgins,WR,CIN,37.0,0,Active
12529,TreVeyon Henderson,RB,NE,38.0,0,Active
5850,Josh Jacobs,RB,GB,39.0,0,Active
4034,Christian McCaffrey,RB,SF,40.0,0,Active
6770,Joe Burrow,QB,CIN,41.0,0,Active
9224,Chase Brown,RB,CIN,42.0,0,Active
7526,Jaylen Waddle,WR,MIA,43.0,0,Active
8150,Kyren Williams,RB,LAR,44.5,0,Active
9997,Zay Flowers,WR,BAL,44.5,0,Active
8144,Chris Olave,WR,NO,46.0,0,Active
5846,DK Metcalf,WR,PIT,47.0,0,Active
8138,James Cook,RB,BUF,48.0,0,Active
12514,Emeka Egbuka,WR,TB,49.0,0,Active
11624,Xavier Worthy,WR,KC,50.0,0,Active
8151,Kenneth Walker III,RB,SEA,51.0,0,Active
8148,Jameson Williams,WR,DET,52.0,0,Active
9756,Jordan Addison,WR,MIN,53.0,0,Active
4983,DJ Moore,WR,CHI,54.0,0,Active
9758,C.J. Stroud,QB,HOU,55.0,0,Active
8137,George Pickens,WR,DAL,56.0,0,Active
12489,RJ Harvey,RB,DEN,57.0,0,Active
12518,Tyler Warren,TE,IND,58.0,0,Active
3321,Tyreek Hill,WR,MIA,59.0,0,Active
4217,George Kittle,TE,SF,60.0,0,Active
3198,Derrick Henry,RB,BAL,61.0,0,Active
5844,T.J. Hockenson,TE,MIN,62.0,0,Active
5927,Terry McLaurin,WR,WAS,63.0,0,Active
6797,Justin Herbert,QB,LAC,64.0,0,Active
12504,Kaleb Johnson,RB,PIT,65.0,0,Active
6803,Brandon Aiyuk,WR,SF,66.0,0,Active
12517,Colston Loveland,TE,CHI,67.0,0,Active
6783,Jerry Jeudy,WR,CLE,68.0,0,Active
10236,Dalton Kincaid,TE,BUF,69.0,0,Active
11560,Caleb Williams,QB,CHI,70.0,0,Active
11638,Ricky Pearsall,WR,SF,71.0,0,Active
11563,Bo Nix,QB,DEN,72.0,0,Active
12501,Matthew Golden,WR,GB,73.0,0,Active
11564,Drake Maye,QB,NE,74.5,0,Active
6819,Michael Pittman Jr.,WR,IND,74.5,0,Active
12512,Quinshon Judkins,RB,CLE,76.0,0,Active
7594,Chuba Hubbard,RB,CAR,77.0,0,Active
2133,Davante Adams,WR,LAR,78.0,0,Active
9484,Tucker Kraft,TE,GB,79.0,0,Active
2216,Mike Evans,WR,TB,80.0,0,Active
4033,David Njoku,TE,CLE,81.0,0,Active
5012,Mark Andrews,TE,BAL,82.0,0,Active
12484,Jayden Higgins,WR,HOU,83.0,0,Active
4035,Alvin Kamara,RB,NO,84.0,0,Active
5892,David Montgomery,RB,DET,85.0,0,Active
5045,Courtland Sutton,WR,DEN,86.0,0,Active
7553,Kyle Pitts Sr.,TE,ATL,87.5,0,Active
7543,Travis Etienne Jr.,RB,JAC,87.5,0,Active
5967,Tony Pollard,RB,TEN,89.0,0,Active
6790,D'Andre Swift,RB,CHI,90.0,0,Active
9500,Josh Downs,WR,IND,91.0,0,Active
8205,Isiah Pacheco,RB,KC,92.0,0,Active
12519,Luther Burden III,WR,CHI,93.0,0,Active
6804,Jordan Love,QB,GB,94.0,0,Active
8183,Brock Purdy,QB,SF,95.0,0,Active
5849,Kyler Murray,QB,ARI,96.0,0,Active
4981,Calvin Ridley,WR,TEN,97.0,0,Active
10222,Jayden Reed,WR,GB,98.0,0,Active
4037,Chris Godwin Jr.,WR,TB,99.0,0,Active
4137,James Conner,RB,ARI,100.0,0,Active
4066,Evan Engram,TE,DEN,101.0,0,Active
8134,Khalil Shakir,WR,BUF,102.0,0,Active
4892,Baker Mayfield,QB,TB,103.0,0,Active
7523,Trevor Lawrence,QB,JAC,104.0,0,Active
12509,Tre' Harris,WR,LAC,105.0,0,Active
11655,Tyrone Tracy Jr.,RB,NYG,106.0,0,Active
5947,Jakobi Meyers,WR,LV,107.0,0,Active
7049,Jauan Jennings,WR,SF,108.0,0,Active
11637,Keon Coleman,WR,BUF,109.0,0,Active
12481,Cam Skattebo,RB,NYG,110.0,0,Active
4199,Aaron Jones Sr.,RB,MIN,111.0,0,Active
1466,Travis Kelce,TE,KC,112.0,0,Active
11565,J.J. McCarthy,QB,MIN,113.0,0,Active
9753,Zach Charbonnet,RB,SEA,114.0,0,Active
5872,Deebo Samuel Sr.,WR,WAS,115.0,0,Active
3294,Dak Prescott,QB,DAL,116.0,0,Active
11589,Trey Benson,RB,ARI,117.0,0,Active
8131,Isaiah Likely,TE,BAL,118.0,0,Active
12498,Mason Taylor,TE,NYJ,119.0,0,Active
2449,Stefon Diggs,WR,NE,120.0,0,Active
3163,Jared Goff,QB,DET,121.0,0,Active
12490,Bhayshul Tuten,RB,JAC,122.0,0,Active
9229,Anthony Richardson Sr.,QB,IND,123.0,0,Active
12521,Elijah Arroyo,TE,SEA,124.0,0,Active
7090,Darnell Mooney,WR,ATL,125.0,0,Active
12533,Jacory Croskey-Merritt,RB,WAS,126.0,0,Active
8110,Jake Ferguson,TE,DAL,127.0,0,Active
8228,Jaylen Warren,RB,PIT,128.0,0,Active
9502,Tank Dell,WR,HOU,129.0,0,Active
8676,Rashid Shaheed,WR,NO,130.0,0,Active
12522,Cam Ward,QB,TEN,131.0,0,Active
9494,Marvin Mims Jr.,WR,DEN,132.0,0,Active
8408,Jordan Mason,RB,MIN,133.0,0,Active
5022,Dallas Goedert,TE,PHI,134.0,0,Active
4018,Joe Mixon,RB,HOU,135.0,0,Active
11559,Michael Penix Jr.,QB,ATL,136.0,0,Active
10444,Cedric Tillman,WR,CLE,137.0,0,Active
12487,Terrance Ferguson,TE,LAR,138.0,0,Active
12483,Jack Bech,WR,LV,139.0,0,Active
12536,Jaylin Noel,WR,HOU,140.0,0,Active
4039,Cooper Kupp,WR,SEA,141.0,0,Active
638,Kyle Williams,WR,NE,142.0,0,Active
638,Kyle Williams,WR,NE,142.0,0,Active
7591,Justin Fields,QB,NYJ,143.5,0,Active
7528,Najee Harris,RB,LAC,143.5,0,Active
7571,Rashod Bateman,WR,BAL,145.0,0,Active
7611,Rhamondre Stevenson,RB,NE,146.0,0,Active
11576,Braelon Allen,RB,NYJ,147.5,0,Active
9228,Bryce Young,QB,CAR,147.5,0,Active
9225,Tank Bigsby,RB,JAC,149.5,0,Active
11583,Jonathon Brooks,RB,CAR,149.5,0,Active
11618,Jalen McMillan,WR,TB,151.0,0,Active
4950,Christian Kirk,WR,HOU,152.0,0,Active
11626,Xavier Legette,WR,CAR,153.0,0,Active
9480,Brenton Strange,TE,JAC,154.0,0,Active
7588,Javonte Williams,RB,DAL,155.0,0,Active
6768,Tua Tagovailoa,QB,MIA,156.0,0,Active
12508,Jaxson Dart,QB,NYG,157.0,0,Active
8121,Romeo Doubs,WR,GB,158.0,0,Active
8136,Rachaad White,RB,TB,159.0,0,Active
12457,Jaydon Blue,RB,DAL,160.0,0,Active
12499,Elic Ayomanor,WR,TEN,161.0,0,Active
12506,Harold Fannin Jr.,TE,CLE,162.0,0,Active
12469,Dylan Sampson,RB,CLE,163.0,0,Active
11646,Jalen Coker,WR,CAR,164.0,0,Active
1684,Marquise Brown,WR,KC,165.0,0,Active
8154,Brian Robinson Jr.,RB,SF,166.0,0,Active
4144,Jonnu Smith,TE,PIT,167.5,0,Active
12535,Isaac TeSlaa,WR,DET,167.5,0,Active
9508,Tyjae Spears,RB,TEN,169.0,0,Active
8126,Wan'Dale Robinson,WR,NYG,170.0,0,Active
6806,J.K. Dobbins,RB,DEN,171.0,0,Active
4943,Sam Darnold,QB,SEA,172.0,0,Active
9754,Quentin Johnston,WR,LAC,173.0,0,Active
7670,Joshua Palmer,WR,BUF,174.0,0,Active
12497,Tory Horton,WR,SEA,175.5,0,Active
3214,Hunter Henry,TE,NE,175.5,0,Active
11575,Ray Davis,RB,BUF,177.0,0,Active
9501,DeMario Douglas,WR,NE,178.0,0,Active
7600,Pat Freiermuth,TE,PIT,179.0,0,Active
12505,Jalen Royals,WR,KC,180.0,0,Active
12492,Pat Bryant,WR,DEN,181.0,0,Active
8111,Cade Otton,TE,TB,182.0,0,Active
11625,Adonai Mitchell,WR,IND,183.0,0,Active
8167,Christian Watson,WR,GB,184.0,0,Active
11627,Troy Franklin,WR,DEN,185.0,0,Active
11643,Jaylen Wright,RB,MIA,186.0,0,Active
421,Matthew Stafford,QB,LAR,187.0,0,Active
1373,Geno Smith,QB,LV,188.0,0,Active
11600,Ja'Tavion Sanders,TE,CAR,189.0,0,Active
8210,Chig Okonkwo,TE,TEN,190.0,0,Active
4988,Nick Chubb,RB,HOU,191.0,0,Active
12471,DJ Giddens,RB,IND,192.0,0,Active
11651,Isaac Guerendo,RB,SF,193.0,0,Active
11569,Jarquez Hunter,RB,LAR,194.0,0,Active
8132,Tyler Allgeier,RB,ATL,195.0,0,Active
1479,Keenan Allen,WR,LAC,196.0,0,Active
11586,Blake Corum,RB,LAR,197.0,0,Active
12495,Ollie Gordon II,RB,MIA,198.0,0,Active
4993,Mike Gesicki,TE,CIN,199.0,0,Active
11597,Theo Johnson,TE,NYG,200.0,0,Active
11630,Roman Wilson,WR,PIT,201.0,0,Active
1426,DeAndre Hopkins,WR,BAL,202.0,0,Active
6826,Cole Kmet,TE,CHI,203.0,0,Active
12541,Dont'e Thornton Jr.,WR,LV,204.5,0,Active
7021,Rico Dowdle,RB,CAR,204.5,0,Active
8143,Jerome Ford,RB,CLE,206.0,0,Active
8142,Alec Pierce,WR,IND,207.0,0,Active
11596,Ben Sinnott,TE,WAS,208.0,0,Active
12455,Brashard Smith,RB,KC,210.0,0,Active
10232,Michael Wilson,WR,ARI,210.0,0,Active
9486,Dontayvion Wicks,WR,GB,210.0,0,Active
11581,MarShawn Lloyd,RB,GB,212.5,0,Active
1339,Zach Ertz,TE,WAS,212.5,0,Active
12510,Jalen Milroe,QB,SEA,214.0,0,Active
10235,Roschon Johnson,RB,CHI,215.0,0,Active
5870,Daniel Jones,QB,IND,216.0,0,Active
5001,Dalton Schultz,TE,HOU,217.5,0,Active
12543,Tahj Brooks,RB,CIN,217.5,0,Active
11610,Malik Washington,WR,MIA,219.0,0,Active
12474,Woody Marks,RB,HOU,220.5,0,Active
12493,Oronde Gadsden II,TE,LAC,220.5,0,Active
5937,Diontae Johnson,WR,FA,222.0,0,Active
1689,Adam Thielen,WR,MIN,223.5,0,Active
12482,Savion Williams,WR,GB,223.5,0,Active
2309,Amari Cooper,WR,LV,225.0,0,Active
6149,Darius Slayton,WR,NYG,226.0,0,Active
11577,Will Shipley,RB,PHI,227.5,0,Active
12670,KeAndre Lambert-Smith,WR,LAC,227.5,0,Active
10226,Andrei Iosivas,WR,CIN,229.0,0,Active
9757,Kendre Miller,RB,NO,231.5,0,Active
12534,Kyle Monangai,RB,CHI,231.5,0,Active
9504,Kayshon Boutte,WR,NE,231.5,0,Active
12545,Tyler Shough,QB,NO,231.5,0,Active
4663,Austin Ekeler,RB,WAS,235.5,0,Active
11834,Devaughn Vele,WR,NO,235.5,0,Active
12542,Efton Chism III,WR,NE,235.5,0,Active
96,Aaron Rodgers,QB,PIT,235.5,0,Active
1234,Russell Wilson,QB,NYG,238.0,0,Active
12476,Devin Neal,RB,NO,239.0,0,Active
12496,Tai Felton,WR,MIN,240.0,0,Active
7002,Juwan Johnson,TE,NO,241.5,0,Active
4171,Josh Reynolds,WR,NYJ,241.5,0,Active
7596,Elijah Moore,WR,BUF,243.0,0,Active
2374,Tyler Lockett,WR,TEN,245.5,0,Active
8125,Calvin Austin III,WR,PIT,245.5,0,Active
12467,Jordan James,RB,SF,245.5,0,Active
11650,Luke McCaffrey,WR,WAS,245.5,0,Active
9511,Keaton Mitchell,RB,BAL,248.0,0,Active
12524,Shedeur Sanders,QB,CLE,249.0,0,Active
5096,Ray-Ray McCloud III,WR,ATL,251.0,0,Active
7587,Dyami Brown,WR,JAC,251.0,0,Active
5857,Noah Fant,TE,CIN,251.0,0,Active
11623,Jordan Whittington,WR,LAR,253.5,0,Active
12503,Isaiah Bond,WR,CLE,253.5,0,Active
19,Joe Flacco,QB,CLE,256.0,0,Active
6271,Olamide Zaccheaus,WR,CHI,256.0,0,Active
10213,Tre Tucker,WR,LV,256.0,0,Active
4381,Taysom Hill,TE,NO,259.0,0,Active
9482,Michael Mayer,TE,LV,259.0,0,Active
2505,Darren Waller,TE,MIA,259.0,0,Active
11562,Spencer Rattler,QB,NO,261.0,0,Active
12531,Trevor Etienne,RB,CAR,263.0,0,Active
6151,Miles Sanders,RB,DAL,263.0,0,Active
5133,Tyler Conklin,TE,LAC,263.0,0,Active
11619,Ja'Lynn Polk,WR,NE,266.5,0,Active
4082,Curtis Samuel,WR,BUF,266.5,0,Active
11633,Jamari Thrash,WR,CLE,266.5,0,Active
11645,Javon Baker,WR,NE,266.5,0,Active
12486,Dillon Gabriel,QB,CLE,271.5,0,Active
9479,Darnell Washington,TE,PIT,271.5,0,Active
11579,Audric Estime,RB,FA,271.5,0,Active
3271,Tyler Higbee,TE,LAR,271.5,0,Active
7562,Tutu Atwell,WR,LAR,271.5,0,Active
2197,Brandin Cooks,WR,NO,271.5,0,Active
8180,Jalen Nailor,WR,MIN,277.0,0,Active
11640,Jermaine Burton,WR,CIN,277.0,0,Active
12641,Jaylin Lane,WR,WAS,277.0,0,Active
12500,Quinn Ewers,QB,MIA,277.0,0,Active
11571,Isaiah Davis,RB,NYJ,277.0,0,Active
11603,AJ Barner,TE,SEA,282.0,0,Active
11439,Jaleel McLaughlin,RB,DEN,282.0,0,Active
12502,Gunnar Helm,TE,TEN,282.0,0,Active
9487,Parker Washington,WR,JAC,282.0,0,Active
12462,Damien Martinez,RB,SEA,282.0,0,Active
7828,Noah Gray,TE,KC,286.0,0,Active
6943,Gabe Davis,WR,FA,286.0,0,Active
4080,Zay Jones,WR,ARI,286.0,0,Active
7496,Nick Westbrook-Ikhine,WR,MIA,290.0,0,Active
6130,Devin Singletary,RB,NYG,290.0,0,Active
12715,Thomas Fidone II,TE,NYG,290.0,0,Active
8917,KaVontae Turpin,WR,DAL,290.0,0,Active
12472,Raheim Sanders,RB,CLE,290.0,0,Active
4454,Kendrick Bourne,WR,FA,294.5,0,Active
8147,John Metchie III,WR,PHI,294.5,0,Active
5010,Will Dissly,TE,LAC,294.5,0,Active
12700,Gavin Bartholomew,TE,MIN,294.5,0,Active
11647,Kimani Vidal,RB,LAC,301.0,0,Active
12540,Chimere Dike,WR,TEN,301.0,0,Active
8117,Jalen Tolbert,WR,DAL,301.0,0,Active
10218,Xavier Hutchinson,WR,HOU,301.0,0,Active
2306,Jameis Winston,QB,NYG,301.0,0,Active
6938,Cam Akers,RB,FA,301.0,0,Active
4351,Tim Patrick,WR,JAC,301.0,0,Active
11570,Rasheen Ali,RB,BAL,301.0,0,Active
6945,Antonio Gibson,RB,NE,301.0,0,Active
11370,Chris Brooks,RB,GB,312.0,0,Active
4098,Kareem Hunt,RB,KC,312.0,0,Active
12544,LeQuint Allen Jr.,RB,JAC,312.0,0,Active
9999,Will Levis,QB,TEN,312.0,0,Active
4234,Noah Brown,WR,WAS,312.0,0,Active
10867,Jake Bobo,WR,SEA,312.0,0,Active
7561,Elijah Mitchell,RB,KC,312.0,0,Active
12520,Xavier Restrepo,WR,TEN,312.0,0,Active
12485,Tez Johnson,WR,TB,312.0,0,Active
10219,Chris Rodriguez Jr.,RB,WAS,312.0,0,Active
9481,Luke Musgrave,TE,GB,312.0,0,Active
5906,Dawson Knox,TE,BUF,312.0,0,Active
8220,Sincere McCormick,RB,SF,312.0,0,Active
11599,Cade Stover,TE,HOU,322.5,0,Active
9506,Sean Tucker,RB,TB,322.5,0,Active
3202,Austin Hooper,TE,NE,322.5,0,Active
11629,Devontez Walker,WR,BAL,322.5,0,Active
12475,Ricky White III,WR,SEA,322.5,0,Active
5185,Allen Lazard,WR,NYJ,322.5,0,Active
12634,Jordan Watkins,WR,SF,322.5,0,Active
5995,Justice Hill,RB,BAL,322.5,0,Active
7567,Kenneth Gainwell,RB,PIT,329.0,0,Active
11616,Jacob Cowing,WR,SF,329.0,0,Active
12515,Donovan Edwards,RB,WAS,329.0,0,Active
11617,Malachi Corley,WR,CLE,329.0,0,Active
11592,Erick All Jr.,TE,CIN,329.0,0,Active
12511,Will Howard,QB,PIT,336.0,0,Active
8119,Jahan Dotson,WR,PHI,336.0,0,Active
3286,Demarcus Robinson,WR,SF,336.0,0,Active
10225,Jonathan Mingo,WR,DAL,336.0,0,Active
6853,Van Jefferson,WR,TEN,336.0,0,Active
7608,Khalil Herbert,RB,FA,336.0,0,Active
12539,Arian Smith,WR,NYJ,336.0,0,Active
8129,Dameon Pierce,RB,HOU,336.0,0,Active
12473,Mitchell Evans,TE,CAR,336.0,0,Active
9497,Jalin Hyatt,WR,NYG,343.5,0,Active
2749,Raheem Mostert,RB,LV,343.5,0,Active
11435,Emanuel Wilson,RB,GB,343.5,0,Active
6828,A.J. Dillon,RB,PHI,343.5,0,Active
10866,Aidan O'Connell,QB,LV,343.5,0,Active
4972,Mason Rudolph,QB,PIT,343.5,0,Active
1166,Kirk Cousins,QB,ATL,349.5,0,Active
8139,Zamir White,RB,LV,349.5,0,Active
12738,Phil Mafah,RB,DAL,349.5,0,Active
5987,Alexander Mattison,RB,MIA,349.5,0,Active
12516,Kalel Mullings,RB,TEN,349.5,0,Active
12048,George Holani,RB,SEA,349.5,0,Active
10231,Elijah Higgins,TE,ARI,358.0,0,Active
4147,Samaje Perine,RB,CIN,358.0,0,Active
6039,Ty Johnson,RB,BUF,358.0,0,Active
8230,Ty Chandler,RB,MIN,358.0,0,Active
5086,Marquez Valdes-Scantling,WR,SF,358.0,0,Active
7694,Tommy Tremble,TE,CAR,358.0,0,Active
6845,Zack Moss,RB,FA,358.0,0,Active
7593,Trey Sermon,RB,PIT,358.0,0,Active
8116,Pierre Strong Jr.,RB,FA,358.0,0,Active
10871,Luke Schoonmaker,TE,DAL,358.0,0,Active
8177,Grant Calcaterra,TE,PHI,358.0,0,Active
4219,Jeremy McNichols,RB,WAS,376.0,0,Active
3976,Mitchell Trubisky,QB,BUF,376.0,0,Active
5970,Greg Dortch,WR,ARI,376.0,0,Active
8160,Kenny Pickett,QB,LV,376.0,0,Active
4177,Mack Hollins,WR,NE,376.0,0,Active
7527,Mac Jones,QB,SF,376.0,0,Active
8162,Sam Howell,QB,PHI,376.0,0,Active
5248,Gus Edwards,RB,FA,376.0,0,Active
8208,Tyler Badie,RB,DEN,376.0,0,Active
11199,Emari Demercado,RB,ARI,376.0,0,Active
5985,Foster Moreau,TE,NO,376.0,0,Active
4718,Dare Ogunbowale,RB,HOU,376.0,0,Active
12478,Nick Nash,WR,ATL,376.0,0,Active
6659,Craig Reynolds,RB,DET,376.0,0,Active
6011,Gardner Minshew II,QB,KC,376.0,0,Active
2307,Marcus Mariota,QB,WAS,376.0,0,Active
6820,Clyde Edwards-Helaire,RB,KC,376.0,0,Active
11557,Joe Milton III,QB,DAL,376.0,0,Active
8161,Malik Willis,QB,GB,376.0,0,Active
8254,Julius Chestnut,RB,TEN,376.0,0,Active
6963,Patrick Taylor Jr.,RB,SF,376.0,0,Active
3634,Kalif Raymond,WR,DET,376.0,0,Active
7535,Hunter Long,TE,JAC,376.0,0,Active
7607,Michael Carter,RB,ARI,376.0,0,Active
4040,JuJu Smith-Schuster,WR,KC,376.0,0,Active
7602,Kylen Granson,TE,PHI,423.0,0,Active
11729,Sione Vaki,RB,DET,423.0,0,Active
7595,Tylan Wallace,WR,BAL,423.0,0,Active
12725,Luke Lachey,TE,FA,423.0,0,Active
7538,Zach Wilson,QB,MIA,423.0,0,Active
8145,Jeremy Ruckert,TE,NYJ,423.0,0,Active
11574,Dylan Laube,RB,LV,423.0,0,Active
1837,Jimmy Garoppolo,QB,LAR,423.0,0,Active
4017,Deshaun Watson,QB,CLE,423.0,0,Active
8188,Tyquan Thornton,WR,KC,423.0,0,Active
6960,Tyler Johnson,WR,FA,423.0,0,Active
5973,Josh Oliver,TE,MIN,423.0,0,Active
12889,Beaux Collins,WR,NYG,423.0,0,Active
827,Tyrod Taylor,QB,NYJ,423.0,0,Active
9230,Tanner McKee,QB,PHI,423.0,0,Active
8207,Tyler Goodson,RB,IND,423.0,0,Active
8135,Treylon Burks,WR,TEN,423.0,0,Active
9227,Israel Abanikanda,RB,GB,423.0,0,Active
11595,Jared Wiley,TE,KC,423.0,0,Active
7610,Trey Lance,QB,LAC,423.0,0,Active
3200,Sterling Shepard,WR,TB,423.0,0,Active
12546,Marcus Yarns,RB,FA,423.0,0,Active
6111,Jake Browning,QB,CIN,423.0,0,Active
6865,Colby Parkinson,TE,LAR,423.0,0,Active
7066,K.J. Osborn,WR,FA,423.0,0,Active
12494,Kyle McCord,QB,PHI,423.0,0,Active
11644,Cody Schrader,RB,LAR,423.0,0,Active
10228,Charlie Jones,WR,CIN,423.0,0,Active
10228,Charlie Jones,WR,CIN,423.0,0,Active
10228,Charlie Jones,WR,CIN,423.0,0,Active
10223,Eric Gray,RB,NYG,423.0,0,Active
4574,Cooper Rush,QB,BAL,423.0,0,Active
12477,Kurtis Rourke,QB,SF,423.0,0,Active
6012,Travis Homer,RB,CHI,423.0,0,Active
4179,Joshua Dobbs,QB,NE,423.0,0,Active
7568,Brevin Jordan,TE,HOU,423.0,0,Active
12470,Riley Leonard,QB,IND,423.0,0,Active
8123,Hassan Haskins,RB,LAC,423.0,0,Active
11582,Carson Steele,RB,KC,423.0,0,Active
5409,Tanner Hudson,TE,CIN,423.0,0,Active
8221,Keaontay Ingram,RB,KC,423.0,0,Active
3161,Carson Wentz,QB,MIN,423.0,0,Active
5854,Drew Lock,QB,SEA,423.0,0,Active
6136,Jarrett Stidham,QB,DEN,423.0,0,Active
12718,Konata Mumpfield,WR,LAR,423.0,0,Active
2359,Ameer Abdullah,RB,FA,423.0,0,Active
10216,Kenny McIntosh,RB,SEA,423.0,0,Active
9492,Trey Palmer,WR,NO,423.0,0,Active
11256,Tyson Bagent,QB,CHI,423.0,0,Active
8225,Daniel Bellinger,TE,NYG,423.0,0,Active
5038,Michael Gallup,WR,FA,423.0,0,Active
4111,D'Onta Foreman,RB,FA,423.0,0,Active
6869,Adam Trautman,TE,DEN,423.0,0,Active
9998,Hendon Hooker,QB,CAR,423.0,0,Active
7842,Luke Farrell,TE,SF,423.0,0,Active
3257,Jacoby Brissett,QB,ARI,423.0,0,Active
8172,Greg Dulcich,TE,MIA,423.0,0,Active
3164,Ezekiel Elliott,RB,FA,423.0,0,Active
11573,Frank Gore Jr.,RB,BUF,423.0,0,Active
11636,Johnny Wilson,WR,PHI,423.0,0,Active
7585,Davis Mills,QB,HOU,423.0,0,Active
5955,Hunter Renfrow,WR,FA,423.0,0,Active
829,Andy Dalton,QB,CAR,423.0,0,Active
4149,Jamaal Williams,RB,FA,423.0,0,Active
6931,DeeJay Dallas,RB,CAR,423.0,0,Active
12699,LaJohntay Wester,WR,BAL,423.0,0,Active
11590,Jase McClellan,RB,FA,423.0,0,Active
8249,Lucas Krull,TE,DEN,423.0,0,Active
8583,Stone Smartt,TE,NYJ,423.0,0,Active
8219,Jelani Woods,TE,NYJ,423.0,0,Active
8122,Zonovan Knight,RB,ARI,423.0,0,Active
10234,Derius Davis,WR,LAC,485.0,0,Active
6850,Harrison Bryant,TE,HOU,485.0,0,Active
4464,Nick Mullens,QB,JAC,485.0,0,Active
12866,Jalin Conyers,TE,MIA,485.0,0,Active
11716,Tip Reiman,TE,ARI,485.0,0,Active
7601,Rondale Moore,WR,MIN,485.0,0,Active
11615,Ainias Smith,WR,CAR,485.0,0,Active
8195,Ronnie Rivers,RB,LAR,485.0,0,Active
9505,Deuce Vaughn,RB,FA,485.0,0,Active
10227,Payne Durham,TE,TB,485.0,0,Active
11588,Jawhar Jordan,RB,HOU,485.0,0,Active
1535,Cordarrelle Patterson,RB,FA,485.0,0,Active
2711,Taylor Heinicke,QB,FA,485.0,0,Active
8127,Charlie Kolar,TE,BAL,485.0,0,Active
11568,Blake Watson,RB,FA,485.0,0,Active
4089,Gerald Everett,TE,FA,485.0,0,Active
4314,Johnny Mundt,TE,JAC,485.0,0,Active
5113,Cedrick Wilson Jr.,WR,NO,485.0,0,Active
7075,Charlie Woerner,TE,ATL,485.0,0,Active
7746,Austin Trammell,WR,JAC,485.0,0,Active
6694,D'Ernest Johnson,RB,FA,485.0,0,Active
7891,Brock Wright,TE,DET,485.0,0,Active
10212,Josh Whyle,TE,GB,485.0,0,Active
11773,Keilan Robinson,RB,FA,485.0,0,Active
6074,Donald Parham Jr.,TE,PIT,485.0,0,Active
10857,Stetson Bennett IV,QB,LAR,485.0,0,Active
12732,Dominic Lovett,WR,DET,485.0,0,Active
10214,Davis Allen,TE,LAR,485.0,0,Active
12523,Jimmy Horn Jr.,WR,CAR,485.0,0,Active
3357,Brandon Allen,QB,TEN,485.0,0,Active
8204,Bo Melton,WR,GB,485.0,0,Active
5154,Trent Sherfield Sr.,WR,DEN,485.0,0,Active
8206,Skylar Thompson,QB,PIT,485.0,0,Active
5284,Jeff Wilson Jr.,RB,MIA,485.0,0,Active
10215,Jake Haener,QB,NO,485.0,0,Active
6798,Jalen Reagor,WR,LAC,485.0,0,Active
11605,Jaheim Bell,TE,FA,485.0,0,Active
7605,Kyle Trask,QB,FA,485.0,0,Active
7083,Tyler Huntley,QB,BAL,485.0,0,Active
12735,Caleb Lohner,TE,DEN,485.0,0,Active
7537,Jaret Patterson,RB,FA,485.0,0,Active
8157,Bailey Zappe,QB,CLE,485.0,0,Active
4189,Eric Saubert,TE,SEA,485.0,0,Active
6185,Easton Stick,QB,ATL,485.0,0,Active
12480,Moliki Matavao,TE,NO,485.0,0,Active
11292,Tommy DeVito,QB,NE,485.0,0,Active
8489,Drew Ogletree,TE,IND,485.0,0,Active
8118,David Bell,WR,CLE,485.0,0,Active
12817,Jake Briningstool,TE,KC,485.0,0,Active
11748,Bub Means,WR,NO,485.0,0,Active
10983,Sean Clifford,QB,FA,485.0,0,Active
8168,Skyy Moore,WR,SF,485.0,0,Active
8255,Raheem Blackshear,RB,FA,485.0,0,Active
7716,John Bates,TE,WAS,485.0,0,Active
11210,Malik Heath,WR,GB,485.0,0,Active
10220,Will Mallory,TE,IND,529.5,0,Active
11820,Devin Culp,TE,TB,529.5,0,Active
11593,Brevyn Spann-Ford,TE,DAL,529.5,0,Active
5000,Chase Edmonds,RB,FA,529.5,0,Active
6847,Devin Duvernay,WR,CHI,529.5,0,Active
6427,Ashton Dulin,WR,IND,529.5,0,Active
1352,Robert Woods,WR,PIT,529.5,0,Active
9490,Tyler Scott,WR,IND,529.5,0,Active
11371,Julian Hill,TE,MIA,529.5,0,Active
4054,Mo Alie-Cox,TE,IND,529.5,0,Active
5008,Durham Smythe,TE,CHI,529.5,0,Active
4029,Dalvin Cook,RB,FA,529.5,0,Active
3225,Tyler Boyd,WR,FA,529.5,0,Active
8227,Teagan Quitoriano,TE,ATL,529.5,0,Active
8181,Connor Heyward,TE,PIT,529.5,0,Active
5374,Justin Watson,WR,HOU,529.5,0,Active
4274,David Moore,WR,CAR,529.5,0,Active
6996,JaMycal Hasty,RB,MIA,529.5,0,Active
7812,Simi Fehoko,WR,ARI,529.5,0,Active
6001,Drew Sample,TE,CIN,529.5,0,Active
8041,Shane Zylstra,TE,DET,529.5,0,Active
2410,Jamison Crowder,WR,FA,529.5,0,Active
2325,Nelson Agholor,WR,FA,529.5,0,Active
7612,Dee Eskridge,WR,MIA,529.5,0,Active
7597,Kenny Yeboah,TE,DET,529.5,0,Active
8170,James Mitchell,TE,CAR,529.5,0,Active
7757,Ben Skowronek,WR,PIT,529.5,0,Active
11306,Xavier Gipson,WR,NYJ,529.5,0,Active
4995,Ian Thomas,TE,LV,529.5,0,Active
11783,Ryan Flournoy,WR,FA,529.5,0,Active
2750,DeAndre Carter,WR,CLE,529.5,0,Active
4319,Zach Pascal,WR,FA,529.5,0,Active
5917,Mecole Hardman Jr.,WR,GB,529.5,0,Active
6290,Scotty Miller,WR,PIT,529.5,0,Active
